{
    "video_name": "Sample.mp4",
    "fps": 30.000426546349,
    "total_frames": 211,
    "resolution": [
        382,
        850
    ],
    "duration_seconds": 7.0332333333333334
}